{
  "roc_auc": 0.6666578594716507,
  "f1": 0.8744697893318645,
  "precision": 0.872267851304158,
  "recall": 0.8781228220036433
}